,step,energy,p0,p1,p2,p3,p4,p5,p6,p7,p8
0,0,-0.8954556840624337,2.49,0.63,1.43,0.38,1.51,0.93,1.93,2.56,2.01
1,1,-0.9612414993788032,2.300098760653757,0.63,1.43,0.38,1.51,0.93,1.9697680370447537,2.56,2.01
2,2,-0.9739122046415396,2.2206631882316,0.63,1.43,0.38,1.51,0.93,1.989185781364032,2.56,2.01
3,3,-0.9775651196641262,2.180509014821839,0.63,1.43,0.38,1.51,0.93,2.004881668356479,2.56,2.01
4,4,-0.9789305498187065,2.159799828894419,0.63,1.43,0.38,1.51,0.93,2.0198084379237873,2.56,2.01
5,5,-0.9796961353040271,2.149206961755295,0.63,1.43,0.38,1.51,0.93,2.0346694111196206,2.56,2.01
6,6,-0.9803128865594094,2.143782208531073,0.63,1.43,0.38,1.51,0.93,2.049619644755907,2.56,2.01
7,7,-0.980897504123532,2.1409506733324983,0.63,1.43,0.38,1.51,0.93,2.064681513710678,2.56,2.01
8,8,-0.9814793302982614,2.139409928004159,0.63,1.43,0.38,1.51,0.93,2.079850438508778,2.56,2.01
9,9,-0.9820655843695465,2.1385103837197135,0.63,1.43,0.38,1.51,0.93,2.09511880302771,2.56,2.01
10,10,-0.9826579292683773,2.1379287075811697,0.63,1.43,0.38,1.51,0.93,2.1104800716299414,2.56,2.01
11,11,-0.9832566120764452,2.1375030913766584,0.63,1.43,0.38,1.51,0.93,2.125928824044085,2.56,2.01
12,12,-0.9838615002900877,2.13715175651342,0.63,1.43,0.38,1.51,0.93,2.1414602551464075,2.56,2.01
13,13,-0.9844723436833858,2.13683281988078,0.63,1.43,0.38,1.51,0.93,2.157069786503994,2.56,2.01
14,14,-0.9850888410838123,2.1365244617488264,0.63,1.43,0.38,1.51,0.93,2.1727528302280334,2.56,2.01
15,15,-0.985710657312922,2.1362150525769845,0.63,1.43,0.38,1.51,0.93,2.1885046549250315,2.56,2.01
16,16,-0.9863374272641462,2.1358981909574064,0.63,1.43,0.38,1.51,0.93,2.2043203107139,2.56,2.01
17,17,-0.986968756699733,2.1355701835658967,0.63,1.43,0.38,1.51,0.93,2.2201945869721027,2.56,2.01
18,18,-0.9876042223003829,2.13522875129693,0.63,1.43,0.38,1.51,0.93,2.2361219882035424,2.56,2.01
19,19,-0.9882433716552431,2.1348723575978528,0.63,1.43,0.38,1.51,0.93,2.252096720229897,2.56,2.01
20,20,-0.9888857233891344,2.134499855978885,0.63,1.43,0.38,1.51,0.93,2.2681126826168265,2.56,2.01
21,21,-0.9895307674917666,2.1341103030817195,0.63,1.43,0.38,1.51,0.93,2.2841634652219764,2.56,2.01
22,22,-0.9901779658777463,2.133702858600913,0.63,1.43,0.38,1.51,0.93,2.300242347796694,2.56,2.01
23,23,-0.9908267531958418,2.133276731301737,0.63,1.43,0.38,1.51,0.93,2.316342302125692,2.56,2.01
24,24,-0.9914765379021714,2.1328311498049373,0.63,1.43,0.38,1.51,0.93,2.3324559964803533,2.56,2.01
25,25,-0.9921267036094549,2.132365346858208,0.63,1.43,0.38,1.51,0.93,2.3485758023135257,2.56,2.01
26,26,-0.9927766107218376,2.1318785510669653,0.63,1.43,0.38,1.51,0.93,2.3646938032003253,2.56,2.01
27,27,-0.9934255983617546,2.131369982830955,0.63,1.43,0.38,1.51,0.93,2.3808018060641887,2.56,2.01
28,28,-0.9940729865916459,2.1308388527128965,0.63,1.43,0.38,1.51,0.93,2.3968913547380635,2.56,2.01
29,29,-0.9947180789292731,2.1302843612623876,0.63,1.43,0.38,1.51,0.93,2.412953745906735,2.56,2.01
30,30,-0.9953601651507864,2.129705699751547,0.63,1.43,0.38,1.51,0.93,2.4289800474630754,2.56,2.01
31,31,-0.9959985243707579,2.129102051516375,0.63,1.43,0.38,1.51,0.93,2.4449611192913867,2.56,2.01
32,32,-0.9966324283831568,2.1284725937288975,0.63,1.43,0.38,1.51,0.93,2.460887636466742,2.56,2.01
33,33,-0.9972611452417881,2.1278164994978384,0.63,1.43,0.38,1.51,0.93,2.4767501148314324,2.56,2.01
34,34,-0.9978839430532184,2.1271329402359034,0.63,1.43,0.38,1.51,0.93,2.492538938879139,2.56,2.01
35,35,-0.9985000939497689,2.1264210882539967,0.63,1.43,0.38,1.51,0.93,2.508244391844999,2.56,2.01
36,36,-0.9991088782049273,2.12568011955478,0.63,1.43,0.38,1.51,0.93,2.5238566878660174,2.56,2.01
37,37,-0.99970958844869,2.124909216804322,0.63,1.43,0.38,1.51,0.93,2.5393660060419867,2.56,2.01
38,38,-1.0003015339359975,2.1241075724636893,0.63,1.43,0.38,1.51,0.93,2.5547625261929663,2.56,2.01
39,39,-1.0008840448178504,2.1232743920636423,0.63,1.43,0.38,1.51,0.93,2.5700364660761976,2.56,2.01
40,40,-1.0014564763618696,2.1224088976059656,0.63,1.43,0.38,1.51,0.93,2.5851781197939068,2.56,2.01
41,41,-1.0020182130672985,2.121510331074824,0.63,1.43,0.38,1.51,0.93,2.6001778970945395,2.56,2.01
42,42,-1.002568672618713,2.120577958041263,0.63,1.43,0.38,1.51,0.93,2.6150263632444086,2.56,2.01
43,43,-1.003107309623189,2.1196110713436442,0.63,1.43,0.38,1.51,0.93,2.6297142791252086,2.56,2.01
44,44,-1.003633619077365,2.1186089948265527,0.63,1.43,0.38,1.51,0.93,2.6442326411960986,2.56,2.01
45,45,-1.0041471395137747,2.117571087120606,0.63,1.43,0.38,1.51,0.93,2.6585727209475998,2.56,2.01
46,46,-1.004647455779963,2.1164967454455543,0.63,1.43,0.38,1.51,0.93,2.672726103468926,2.56,2.01
47,47,-1.0051342014091922,2.1153854094191478,0.63,1.43,0.38,1.51,0.93,2.6866847247508447,2.56,2.01
48,48,-1.005607060547855,2.114236564854398,0.63,1.43,0.38,1.51,0.93,2.700440907352992,2.56,2.01
49,49,-1.0060657694119366,2.1130497475279975,0.63,1.43,0.38,1.51,0.93,2.7139873940776766,2.56,2.01
50,50,-1.00651011725272,2.1118245469027843,0.63,1.43,0.38,1.51,0.93,2.7273173793115544,2.56,2.01
51,51,-1.006939946820404,2.110560609787137,0.63,1.43,0.38,1.51,0.93,2.74042453772169,2.56,2.01
52,52,-1.0073551543228936,2.109257643914043,0.63,1.43,0.38,1.51,0.93,2.75330305002309,2.56,2.01
53,53,-1.0077556888857837,2.107915421422202,0.63,1.43,0.38,1.51,0.93,2.7659476255700595,2.56,2.01
54,54,-1.0081415515280556,2.1065337822209353,0.63,1.43,0.38,1.51,0.93,2.778353521563013,2.56,2.01
55,55,-1.0085127936760194,2.105112637219753,0.63,1.43,0.38,1.51,0.93,2.7905165587047804,2.56,2.01
56,56,-1.0088695152455551,2.1036519714022592,0.63,1.43,0.38,1.51,0.93,2.802433133185075,2.56,2.01
57,57,-1.009211862329269,2.102151846722605,0.63,1.43,0.38,1.51,0.93,2.81410022491766,2.56,2.01
58,58,-1.0095400245308115,2.1006124048009895,0.63,1.43,0.38,1.51,0.93,2.825515402000914,2.56,2.01
59,59,-1.0098542319931976,2.099033869392792,0.63,1.43,0.38,1.51,0.93,2.8366768214179947,2.56,2.01
60,60,-1.0101547521713024,2.0974165486039036,0.63,1.43,0.38,1.51,0.93,2.8475832260367353,2.56,2.01
61,61,-1.010441886400927,2.0957608368227794,0.63,1.43,0.38,1.51,0.93,2.8582339380110193,2.56,2.01
62,62,-1.0107159663177723,2.094067216337783,0.63,1.43,0.38,1.51,0.93,2.8686288487238953,2.56,2.01
63,63,-1.0109773501795247,2.0923362586066876,0.63,1.43,0.38,1.51,0.93,2.878768405447582,2.56,2.01
64,64,-1.0112264191429599,2.090568625143851,0.63,1.43,0.38,1.51,0.93,2.888653594926293,2.56,2.01
65,65,-1.0114635735457511,2.0887650679897716,0.63,1.43,0.38,1.51,0.93,2.8982859241141585,2.56,2.01
66,66,-1.0116892292395407,2.086926429727577,0.63,1.43,0.38,1.51,0.93,2.907667398322266,2.56,2.01
67,67,-1.0119038140170282,2.0850536430116797,0.63,1.43,0.38,1.51,0.93,2.916800497045881,2.56,2.01
68,68,-1.0121077641714007,2.0831477295754164,0.63,1.43,0.38,1.51,0.93,2.925688147755371,2.56,2.01
69,69,-1.0123015212216255,2.081209798687164,0.63,1.43,0.38,1.51,0.93,2.934333697942289,2.56,2.01
70,70,-1.0124855288319774,2.0792410450281804,0.63,1.43,0.38,1.51,0.93,2.942740885715848,2.56,2.01
71,71,-1.0126602299489909,2.0772427459703713,0.63,1.43,0.38,1.51,0.93,2.9509138092448293,2.56,2.01
72,72,-1.012826064173734,2.0752162582382887,0.63,1.43,0.38,1.51,0.93,2.958856895336253,2.56,2.01
73,73,-1.0129834653821823,2.0731630139469237,0.63,1.43,0.38,1.51,0.93,2.9665748674352574,2.56,2.01
74,74,-1.013132859601565,2.0710845160151385,0.63,1.43,0.38,1.51,0.93,2.9740727133209823,2.56,2.01
75,75,-1.0132746631459422,2.068982332963801,0.63,1.43,0.38,1.51,0.93,2.9813556527612626,2.56,2.01
76,76,-1.0134092810099968,2.0668580931176264,0.63,1.43,0.38,1.51,0.93,2.988429105374949,2.56,2.01
77,77,-1.0135371055162594,2.064713478240187,0.63,1.43,0.38,1.51,0.93,2.9952986589351114,2.56,2.01
78,78,-1.013658515207543,2.062550216642266,0.63,1.43,0.38,1.51,0.93,3.0019700383294974,2.56,2.01
79,79,-1.0137738739735604,2.0603700758143955,0.63,1.43,0.38,1.51,0.93,3.008449075376807,2.56,2.01
80,80,-1.013883530398215,2.058174854644742,0.63,1.43,0.38,1.51,0.93,3.014741679678759,2.56,2.01
81,81,-1.013987817312215,2.0559663752931394,0.63,1.43,0.38,1.51,0.93,3.0208538106688754,2.56,2.01
82,82,-1.014087051534177,2.053746474800716,0.63,1.43,0.38,1.51,0.93,3.0267914509995584,2.56,2.01
83,83,-1.01418153378239,2.051516996521892,0.63,1.43,0.38,1.51,0.93,3.0325605813895176,2.56,2.01
84,84,-1.014271548738871,2.049279781471297,0.63,1.43,0.38,1.51,0.93,3.0381671570341364,2.56,2.01
85,85,-1.0143573652471223,2.0470366596820804,0.63,1.43,0.38,1.51,0.93,3.043617085662006,2.56,2.01
86,86,-1.0144392366252035,2.0447894416740495,0.63,1.43,0.38,1.51,0.93,3.048916207301777,2.56,2.01
87,87,-1.014517401076153,2.042539910129889,0.63,1.43,0.38,1.51,0.93,3.054070275804778,2.56,2.01
88,88,-1.0145920821785972,2.04028981187539,0.63,1.43,0.38,1.51,0.93,3.059084942150649,2.56,2.01
89,89,-1.0146634894412783,2.038040850255148,0.63,1.43,0.38,1.51,0.93,3.0639657395456545,2.56,2.01
90,90,-1.0147318189063894,2.0357946779886786,0.63,1.43,0.38,1.51,0.93,3.068718070306528,2.56,2.01
91,91,-1.0147972537878862,2.033552890583542,0.63,1.43,0.38,1.51,0.93,3.0733471945067423,2.56,2.01
92,92,-1.0148599651322499,2.031317020372067,0.63,1.43,0.38,1.51,0.93,3.077858220347175,2.56,2.01
93,93,-1.014920112490608,2.0290885312269467,0.63,1.43,0.38,1.51,0.93,3.0822560961993473,2.56,2.01
94,94,-1.014977844592549,2.0268688139986266,0.63,1.43,0.38,1.51,0.93,3.0865456042568917,2.56,2.01
95,95,-1.0150333000133085,2.0246591827044704,0.63,1.43,0.38,1.51,0.93,3.090731355719768,2.56,2.01
96,96,-1.015086607827417,2.022460871486426,0.63,1.43,0.38,1.51,0.93,3.0948177874260887,2.56,2.01
97,97,-1.0151378882431377,2.020275032340801,0.63,1.43,0.38,1.51,0.93,3.0988091598383014,2.56,2.01
98,98,-1.0151872532132393,2.0181027336110975,0.63,1.43,0.38,1.51,0.93,3.102709556284002,2.56,2.01
99,99,-1.0152348070187203,2.0159449592229577,0.63,1.43,0.38,1.51,0.93,3.106522883346777,2.56,2.01
100,100,-1.0152806468231093,2.0138026086294656,0.63,1.43,0.38,1.51,0.93,3.1102528722992546,2.56,2.01
101,101,-1.0153248631957799,2.011676497425515,0.63,1.43,0.38,1.51,0.93,3.1139030814689024,2.56,2.01
102,102,-1.0153675406035456,2.0095673585818874,0.63,1.43,0.38,1.51,0.93,3.11747689942701,2.56,2.01
103,103,-1.0154087578703208,2.0074758442431997,0.63,1.43,0.38,1.51,0.93,3.1209775488926104,2.56,2.01
104,104,-1.015448588605275,2.0054025280290078,0.63,1.43,0.38,1.51,0.93,3.124408091245741,2.56,2.01
105,105,-1.0154871016002225,2.003347907774123,0.63,1.43,0.38,1.51,0.93,3.1277714315482563,2.56,2.01
106,106,-1.015524361197372,2.0013124086425265,0.63,1.43,0.38,1.51,0.93,3.131070323975236,2.56,2.01
107,107,-1.0155604276288017,1.9992963865490636,0.63,1.43,0.38,1.51,0.93,3.1343073775657153,2.56,2.01
108,108,-1.0155953573291483,1.9973001318242485,0.63,1.43,0.38,1.51,0.93,3.1374850622078316,2.56,2.01
109,109,-1.01562920322315,1.995323873059814,0.63,1.43,0.38,1.51,0.93,3.1406057147803423,2.56,2.01
110,110,-1.0156620149897053,1.993367781075949,0.63,1.43,0.38,1.51,0.93,3.1436715453796804,2.56,2.01
111,111,-1.0156938393041324,1.9914319729552845,0.63,1.43,0.38,1.51,0.93,3.1466846435690945,2.56,2.01
112,112,-1.0157247200602768,1.989516516093408,0.63,1.43,0.38,1.51,0.93,3.149646984593838,2.56,2.01
113,113,-1.0157546985740717,1.9876214322208416,0.63,1.43,0.38,1.51,0.93,3.1525604355136787,2.56,2.01
114,114,-1.0157838137700796,1.985746701356831,0.63,1.43,0.38,1.51,0.93,3.1554267612110984,2.56,2.01
115,115,-1.015812102352461,1.9838922656607916,0.63,1.43,0.38,1.51,0.93,3.158247630240336,2.56,2.01
116,116,-1.0158395989617237,1.9820580331527164,0.63,1.43,0.38,1.51,0.93,3.16102462048881,2.56,2.01
117,117,-1.0158663363185068,1.9802438812791445,0.63,1.43,0.38,1.51,0.93,3.1637592246283925,2.56,2.01
118,118,-1.0158923453555764,1.978449660306317,0.63,1.43,0.38,1.51,0.93,3.1664528553394566,2.56,2.01
119,119,-1.0159176553390605,1.9766751965268456,0.63,1.43,0.38,1.51,0.93,3.1691068502955297,2.56,2.01
120,120,-1.01594229397994,1.9749202952705105,0.63,1.43,0.38,1.51,0.93,3.171722476900778,2.56,2.01
121,121,-1.015966287536654,1.973184743713675,0.63,1.43,0.38,1.51,0.93,3.174300936776406,2.56,2.01
122,122,-1.0159896609096313,1.9714683134852249,0.63,1.43,0.38,1.51,0.93,3.1768433699953933,2.56,2.01
123,123,-1.0160124377284712,1.9697707630698942,0.63,1.43,0.38,1.51,0.93,3.179350859067835,2.56,2.01
124,124,-1.0160346404324356,1.9680918400123624,0.63,1.43,0.38,1.51,0.93,3.181824432681521,2.56,2.01
125,125,-1.0160562903448538,1.9664312829275845,0.63,1.43,0.38,1.51,0.93,3.1842650692043435,2.56,2.01
126,126,-1.0160774077419528,1.9647888233245052,0.63,1.43,0.38,1.51,0.93,3.1866736999566427,2.56,2.01
127,127,-1.016098011916629,1.9631641872516037,0.63,1.43,0.38,1.51,0.93,3.189051212262802,2.56,2.01
128,128,-1.0161181212375698,1.9615570967736937,0.63,1.43,0.38,1.51,0.93,3.1913984522922543,2.56,2.01
129,129,-1.0161377532041291,1.9599672712900673,0.63,1.43,0.38,1.51,0.93,3.1937162277006537,2.56,2.01
130,130,-1.0161569244973274,1.958394428704471,0.63,1.43,0.38,1.51,0.93,3.196005310082299,2.56,2.01
131,131,-1.0161756510272695,1.9568382864575828,0.63,1.43,0.38,1.51,0.93,3.198266437245036,2.56,2.01
132,132,-1.016193947977289,1.9552985624326398,0.63,1.43,0.38,1.51,0.93,3.200500315318832,2.56,2.01
133,133,-1.0162118298450924,1.953774975744695,0.63,1.43,0.38,1.51,0.93,3.202707620709025,2.56,2.01
134,134,-1.0162293104811206,1.9522672474236793,0.63,1.43,0.38,1.51,0.93,3.2048890019049785,2.56,2.01
135,135,-1.0162464031243497,1.9507751010010457,0.63,1.43,0.38,1.51,0.93,3.2070450811544777,2.56,2.01
136,136,-1.0162631204357537,1.949298263009295,0.63,1.43,0.38,1.51,0.93,3.2091764560137666,2.56,2.01
137,137,-1.0162794745295738,1.947836463403165,0.63,1.43,0.38,1.51,0.93,3.211283700782635,2.56,2.01
138,138,-1.016295477002581,1.9463894359106884,0.63,1.43,0.38,1.51,0.93,3.2133673678334396,2.56,2.01
139,139,-1.0163111389614816,1.9449569183217632,0.63,1.43,0.38,1.51,0.93,3.215427988842409,2.56,2.01
140,140,-1.0163264710485893,1.9435386527212861,0.63,1.43,0.38,1.51,0.93,3.217466075931038,2.56,2.01
141,141,-1.0163414834659008,1.9421343856733249,0.63,1.43,0.38,1.51,0.93,3.219482122724838,2.56,2.01
142,142,-1.016356185997697,1.940743868362244,0.63,1.43,0.38,1.51,0.93,3.221476605336187,2.56,2.01
143,143,-1.0163705880317515,1.9393668566961582,0.63,1.43,0.38,1.51,0.93,3.2234499832775043,2.56,2.01
144,144,-1.016384698579267,1.9380031113775693,0.63,1.43,0.38,1.51,0.93,3.2254027003105006,2.56,2.01
145,145,-1.0163985262936246,1.9366523979455654,0.63,1.43,0.38,1.51,0.93,3.2273351852367744,2.56,2.01
146,146,-1.0164120794880056,1.9353144867934933,0.63,1.43,0.38,1.51,0.93,3.229247852634605,2.56,2.01
147,147,-1.0164253661520077,1.9339891531656104,0.63,1.43,0.38,1.51,0.93,3.2311411035463693,2.56,2.01
148,148,-1.0164383939672694,1.9326761771358212,0.63,1.43,0.38,1.51,0.93,3.2330153261206327,2.56,2.01
149,149,-1.0164511703222185,1.9313753435712553,0.63,1.43,0.38,1.51,0.93,3.2348708962126174,2.56,2.01
150,150,-1.0164637023259668,1.9300864420831179,0.63,1.43,0.38,1.51,0.93,3.2367081779464124,2.56,2.01
151,151,-1.0164759968214288,1.928809266966947,0.63,1.43,0.38,1.51,0.93,3.238527524241998,2.56,2.01
152,152,-1.016488060397701,1.9275436171341545,0.63,1.43,0.38,1.51,0.93,3.2403292773098817,2.56,2.01
153,153,-1.0164998994017613,1.926289296036481,0.63,1.43,0.38,1.51,0.93,3.242113769115884,2.56,2.01
154,154,-1.0165115199495307,1.9250461115847906,0.63,1.43,0.38,1.51,0.93,3.243881321818395,2.56,2.01
155,155,-1.016522927936312,1.923813876063436,0.63,1.43,0.38,1.51,0.93,3.2456322481801996,2.56,2.01
156,156,-1.016534129046701,1.9225924060412576,0.63,1.43,0.38,1.51,0.93,3.247366851956794,2.56,2.01
157,157,-1.0165451287639353,1.9213815222801343,0.63,1.43,0.38,1.51,0.93,3.2490854282629353,2.56,2.01
158,158,-1.0165559323787663,1.9201810496418696,0.63,1.43,0.38,1.51,0.93,3.2507882639190115,2.56,2.01
159,159,-1.0165665449978623,1.918990816994082,0.63,1.43,0.38,1.51,0.93,3.252475637778685,2.56,2.01
160,160,-1.0165769715517732,1.917810657115667,0.63,1.43,0.38,1.51,0.93,3.254147821039129,2.56,2.01
161,161,-1.0165872168024828,1.9166404066023137,0.63,1.43,0.38,1.51,0.93,3.2558050775350615,2.56,2.01
162,162,-1.016597285350582,1.9154799057724754,0.63,1.43,0.38,1.51,0.93,3.2574476640176866,2.56,2.01
163,163,-1.0166071816420654,1.9143289985741316,0.63,1.43,0.38,1.51,0.93,3.2590758304195453,2.56,2.01
164,164,-1.016616909974801,1.9131875324926197,0.63,1.43,0.38,1.51,0.93,3.26068982010621,2.56,2.01
165,165,-1.0166264745046696,1.9120553584597644,0.63,1.43,0.38,1.51,0.93,3.2622898701156635,2.56,2.01
166,166,-1.0166358792513963,1.9109323307644892,0.63,1.43,0.38,1.51,0.93,3.263876211386153,2.56,2.01
167,167,-1.0166451281041058,1.909818306965058,0.63,1.43,0.38,1.51,0.93,3.2654490689732234,2.56,2.01
168,168,-1.0166542248266026,1.9087131478030617,0.63,1.43,0.38,1.51,0.93,3.2670086622566092,2.56,2.01
169,169,-1.016663173062395,1.9076167171192389,0.63,1.43,0.38,1.51,0.93,3.2685552051375795,2.56,2.01
170,170,-1.0166719763394823,1.9065288817711976,0.63,1.43,0.38,1.51,0.93,3.2700889062273086,2.56,2.01
171,171,-1.0166806380749098,1.9054495115530803,0.63,1.43,0.38,1.51,0.93,3.2716099690267955,2.56,2.01
172,172,-1.0166891615791174,1.9043784791172031,0.63,1.43,0.38,1.51,0.93,3.2731185920988106,2.56,2.01
173,173,-1.0166975500600697,1.9033156598976864,0.63,1.43,0.38,1.51,0.93,3.274614969232323,2.56,2.01
174,174,-1.0167058066272183,1.9022609320360728,0.63,1.43,0.38,1.51,0.93,3.2760992895998235,2.56,2.01
175,175,-1.0167139342952565,1.901214176308935,0.63,1.43,0.38,1.51,0.93,3.2775717379079325,2.56,2.01
176,176,-1.0167219359877202,1.9001752760574502,0.63,1.43,0.38,1.51,0.93,3.2790324945416547,2.56,2.01
177,177,-1.016729814540419,1.899144117118925,0.63,1.43,0.38,1.51,0.93,3.280481735702616,2.56,2.01
178,178,-1.016737572704712,1.8981205877602394,0.63,1.43,0.38,1.51,0.93,3.2819196335416,2.56,2.01
179,179,-1.016745213150639,1.8971045786131833,0.63,1.43,0.38,1.51,0.93,3.2833463562856755,2.56,2.01
180,180,-1.0167527384699138,1.8960959826116424,0.63,1.43,0.38,1.51,0.93,3.284762068360198,2.56,2.01
181,181,-1.0167601511787832,1.895094694930605,0.63,1.43,0.38,1.51,0.93,3.286166930505932,2.56,2.01
182,182,-1.0167674537207723,1.8941006129269418,0.63,1.43,0.38,1.51,0.93,3.2875610998915454,2.56,2.01
183,183,-1.016774648469284,1.8931136360819196,0.63,1.43,0.38,1.51,0.93,3.2889447302217025,2.56,2.01
184,184,-1.0167817377301236,1.8921336659454064,0.63,1.43,0.38,1.51,0.93,3.290317971840965,2.56,2.01
185,185,-1.016788723743882,1.8911606060817265,0.63,1.43,0.38,1.51,0.93,3.2916809718337063,2.56,2.01
186,186,-1.0167956086882388,1.8901943620171147,0.63,1.43,0.38,1.51,0.93,3.2930338741202267,2.56,2.01
187,187,-1.0168023946801636,1.8892348411887316,0.63,1.43,0.38,1.51,0.93,3.2943768195492473,2.56,2.01
188,188,-1.0168090837780164,1.888281952895198,0.63,1.43,0.38,1.51,0.93,3.2957099459869537,2.56,2.01
189,189,-1.0168156779835769,1.8873356082485946,0.63,1.43,0.38,1.51,0.93,3.297033388402743,2.56,2.01
190,190,-1.0168221792439724,1.8863957201278947,0.63,1.43,0.38,1.51,0.93,3.2983472789518316,2.56,2.01
191,191,-1.0168285894535425,1.8854622031337822,0.63,1.43,0.38,1.51,0.93,3.2996517470548556,2.56,2.01
192,192,-1.0168349104556185,1.8845349735448118,0.63,1.43,0.38,1.51,0.93,3.3009469194746095,2.56,2.01
193,193,-1.0168411440442338,1.8836139492748747,0.63,1.43,0.38,1.51,0.93,3.302232920390038,2.56,2.01
194,194,-1.016847291965766,1.8826990498319252,0.63,1.43,0.38,1.51,0.93,3.30350987146761,2.56,2.01
195,195,-1.0168533559205108,1.8817901962779326,0.63,1.43,0.38,1.51,0.93,3.304777891930186,2.56,2.01
196,196,-1.0168593375642034,1.8808873111900173,0.63,1.43,0.38,1.51,0.93,3.306037098623481,2.56,2.01
197,197,-1.016865238509459,1.8799903186227334,0.63,1.43,0.38,1.51,0.93,3.3072876060802368,2.56,2.01
198,198,-1.016871060327188,1.8790991440714655,0.63,1.43,0.38,1.51,0.93,3.3085295265821903,2.56,2.01
199,199,-1.0168768045479246,1.8782137144369009,0.63,1.43,0.38,1.51,0.93,3.3097629702199334,2.56,2.01
200,200,-1.0168824726631267,1.877333957990542,0.63,1.43,0.38,1.51,0.93,3.3109880449507534,2.56,2.01
201,201,-1.0168880661264144,1.8764598043412273,0.63,1.43,0.38,1.51,0.93,3.312204856654537,2.56,2.01
202,202,-1.0168935863547703,1.8755911844026314,0.63,1.43,0.38,1.51,0.93,3.3134135091878147,2.56,2.01
203,203,-1.0168990347296836,1.874728030361706,0.63,1.43,0.38,1.51,0.93,3.3146141044360236,2.56,2.01
204,204,-1.0169044125982558,1.8738702756480365,0.63,1.43,0.38,1.51,0.93,3.315806742364057,2.56,2.01
205,205,-1.016909721274275,1.8730178549040852,0.63,1.43,0.38,1.51,0.93,3.316991521065175,2.56,2.01
206,206,-1.0169149620392344,1.8721707039562876,0.63,1.43,0.38,1.51,0.93,3.318168536808332,2.56,2.01
207,207,-1.0169201361433176,1.8713287597869803,0.63,1.43,0.38,1.51,0.93,3.319337884083993,2.56,2.01
208,208,-1.0169252448063633,1.8704919605071302,0.63,1.43,0.38,1.51,0.93,3.3204996556484905,2.56,2.01
209,209,-1.0169302892187695,1.8696602453298392,0.63,1.43,0.38,1.51,0.93,3.321653942566981,2.56,2.01
210,210,-1.0169352705423815,1.8688335545446013,0.63,1.43,0.38,1.51,0.93,3.322800834255055,2.56,2.01
211,211,-1.0169401899113522,1.868011829492287,0.63,1.43,0.38,1.51,0.93,3.3239404185190518,2.56,2.01
212,212,-1.0169450484329503,1.86719501254083,0.63,1.43,0.38,1.51,0.93,3.325072781595129,2.56,2.01
213,213,-1.0169498471883662,1.866383047061598,0.63,1.43,0.38,1.51,0.93,3.32619800818713,2.56,2.01
214,214,-1.0169545872334653,1.8655758774064222,0.63,1.43,0.38,1.51,0.93,3.3273161815032966,2.56,2.01
215,215,-1.0169592695995373,1.864773448885263,0.63,1.43,0.38,1.51,0.93,3.328427383291873,2.56,2.01
216,216,-1.016963895293996,1.8639757077444992,0.63,1.43,0.38,1.51,0.93,3.329531693875634,2.56,2.01
217,217,-1.0169684653010804,1.8631826011458108,0.63,1.43,0.38,1.51,0.93,3.3306291921853846,2.56,2.01
218,218,-1.016972980582508,1.862394077145645,0.63,1.43,0.38,1.51,0.93,3.3317199557924626,2.56,2.01
219,219,-1.0169774420781208,1.8616100846752424,0.63,1.43,0.38,1.51,0.93,3.332804060940284,2.56,2.01
220,220,-1.016981850706501,1.8608305735212074,0.63,1.43,0.38,1.51,0.93,3.3338815825749615,2.56,2.01
221,221,-1.0169862073655758,1.860055494306605,0.63,1.43,0.38,1.51,0.93,3.334952594375035,2.56,2.01
222,222,-1.0169905129331882,1.8592847984725687,0.63,1.43,0.38,1.51,0.93,3.3360171687803377,2.56,2.01
223,223,-1.0169947682676583,1.858518438260402,0.63,1.43,0.38,1.51,0.93,3.3370753770200348,2.56,2.01
224,224,-1.0169989742083285,1.8577563666941594,0.63,1.43,0.38,1.51,0.93,3.33812728913986,2.56,2.01
225,225,-1.0170031315760777,1.856998537563691,0.63,1.43,0.38,1.51,0.93,3.3391729740285796,2.56,2.01
226,226,-1.0170072411738305,1.856244905408138,0.63,1.43,0.38,1.51,0.93,3.340212499443708,2.56,2.01
227,227,-1.0170113037870465,1.8554954254998632,0.63,1.43,0.38,1.51,0.93,3.3412459320365033,2.56,2.01
228,228,-1.017015320184192,1.8547500538288044,0.63,1.43,0.38,1.51,0.93,3.342273337376267,2.56,2.01
229,229,-1.0170192911171954,1.8540087470872377,0.63,1.43,0.38,1.51,0.93,3.343294779973966,2.56,2.01
230,230,-1.0170232173218934,1.8532714626549378,0.63,1.43,0.38,1.51,0.93,3.344310323305211,2.56,2.01
231,231,-1.0170270995184572,1.852538158584723,0.63,1.43,0.38,1.51,0.93,3.3453200298325987,2.56,2.01
232,232,-1.0170309384118068,1.8518087935883742,0.63,1.43,0.38,1.51,0.93,3.3463239610274504,2.56,2.01
233,233,-1.0170347346920166,1.851083327022917,0.63,1.43,0.38,1.51,0.93,3.347322177390961,2.56,2.01
234,234,-1.0170384890346966,1.850361718877253,0.63,1.43,0.38,1.51,0.93,3.3483147384747793,2.56,2.01
235,235,-1.0170422021013792,1.8496439297591334,0.63,1.43,0.38,1.51,0.93,3.349301702901038,2.56,2.01
236,236,-1.0170458745398727,1.8489299208824623,0.63,1.43,0.38,1.51,0.93,3.3502831283818493,2.56,2.01
237,237,-1.0170495069846284,1.848219654054923,0.63,1.43,0.38,1.51,0.93,3.3512590717382897,2.56,2.01
238,238,-1.017053100057074,1.8475130916659115,0.63,1.43,0.38,1.51,0.93,3.3522295889188802,2.56,2.01
239,239,-1.017056654365944,1.846810196674778,0.63,1.43,0.38,1.51,0.93,3.353194735017587,2.56,2.01
240,240,-1.017060170507611,1.8461109325993552,0.63,1.43,0.38,1.51,0.93,3.354154564291354,2.56,2.01
241,241,-1.0170636490663936,1.845415263504776,0.63,1.43,0.38,1.51,0.93,3.3551091301771794,2.56,2.01
242,242,-1.0170670906148547,1.844723153992566,0.63,1.43,0.38,1.51,0.93,3.356058485308759,2.56,2.01
243,243,-1.0170704957141028,1.8440345691900037,0.63,1.43,0.38,1.51,0.93,3.3570026815326965,2.56,2.01
244,244,-1.0170738649140734,1.8433494747397428,0.63,1.43,0.38,1.51,0.93,3.3579417699243086,2.56,2.01
245,245,-1.0170771987538034,1.8426678367896863,0.63,1.43,0.38,1.51,0.93,3.3588758008030264,2.56,2.01
246,246,-1.0170804977617076,1.841989621983107,0.63,1.43,0.38,1.51,0.93,3.3598048237474107,2.56,2.01
247,247,-1.017083762455827,1.841314797449007,0.63,1.43,0.38,1.51,0.93,3.3607288876097927,2.56,2.01
248,248,-1.017086993344093,1.8406433307927086,0.63,1.43,0.38,1.51,0.93,3.3616480405305476,2.56,2.01
249,249,-1.0170901909245627,1.839975190086671,0.63,1.43,0.38,1.51,0.93,3.3625623299520186,2.56,2.01
250,250,-1.0170933556856692,1.8393103438615266,0.63,1.43,0.38,1.51,0.93,3.363471802632095,2.56,2.01
251,251,-1.01709648810644,1.8386487610973288,0.63,1.43,0.38,1.51,0.93,3.3643765046574607,2.56,2.01
252,252,-1.0170995886567316,1.8379904112150087,0.63,1.43,0.38,1.51,0.93,3.365276481456516,2.56,2.01
253,253,-1.017102657797445,1.8373352640680303,0.63,1.43,0.38,1.51,0.93,3.366171777811992,2.56,2.01
254,254,-1.0171056959807352,1.8366832899342442,0.63,1.43,0.38,1.51,0.93,3.3670624378732548,2.56,2.01
255,255,-1.0171087036502169,1.8360344595079297,0.63,1.43,0.38,1.51,0.93,3.3679485051683176,2.56,2.01
256,256,-1.0171116812411722,1.8353887438920213,0.63,1.43,0.38,1.51,0.93,3.3688300226155676,2.56,2.01
257,257,-1.0171146291807383,1.8347461145905182,0.63,1.43,0.38,1.51,0.93,3.3697070325352114,2.56,2.01
258,258,-1.0171175478880967,1.8341065435010628,0.63,1.43,0.38,1.51,0.93,3.3705795766604516,2.56,2.01
259,259,-1.0171204377746617,1.8334700029076973,0.63,1.43,0.38,1.51,0.93,3.3714476961484,2.56,2.01
260,260,-1.0171232992442538,1.8328364654737777,0.63,1.43,0.38,1.51,0.93,3.372311431590738,2.56,2.01
261,261,-1.01712613269328,1.8322059042350543,0.63,1.43,0.38,1.51,0.93,3.3731708230241244,2.56,2.01
262,262,-1.0171289385108984,1.831578292592908,0.63,1.43,0.38,1.51,0.93,3.3740259099403667,2.56,2.01
263,263,-1.0171317170791818,1.8309536043077377,0.63,1.43,0.38,1.51,0.93,3.3748767312963546,2.56,2.01
264,264,-1.0171344687732833,1.8303318134924955,0.63,1.43,0.38,1.51,0.93,3.375723325523768,2.56,2.01
265,265,-1.0171371939615867,1.8297128946063699,0.63,1.43,0.38,1.51,0.93,3.376565730538564,2.56,2.01
266,266,-1.0171398930058604,1.8290968224486066,0.63,1.43,0.38,1.51,0.93,3.377403983750244,2.56,2.01
267,267,-1.0171425662614024,1.8284835721524666,0.63,1.43,0.38,1.51,0.93,3.3782381220709166,2.56,2.01
268,268,-1.0171452140771933,1.8278731191793187,0.63,1.43,0.38,1.51,0.93,3.3790681819241546,2.56,2.01
269,269,-1.0171478367960225,1.8272654393128618,0.63,1.43,0.38,1.51,0.93,3.379894199253653,2.56,2.01
270,270,-1.0171504347546314,1.8266605086534724,0.63,1.43,0.38,1.51,0.93,3.380716209531694,2.56,2.01
271,271,-1.0171530082838451,1.826058303612677,0.63,1.43,0.38,1.51,0.93,3.381534247767427,2.56,2.01
272,272,-1.0171555577087061,1.825458800907742,0.63,1.43,0.38,1.51,0.93,3.382348348514962,2.56,2.01
273,273,-1.0171580833485896,1.8248619775563837,0.63,1.43,0.38,1.51,0.93,3.383158545881289,2.56,2.01
274,274,-1.017160585517334,1.8242678108715902,0.63,1.43,0.38,1.51,0.93,3.383964873534019,2.56,2.01
275,275,-1.01716306452336,1.823676278456555,0.63,1.43,0.38,1.51,0.93,3.384767364708964,2.56,2.01
276,276,-1.0171655206697807,1.8230873581997173,0.63,1.43,0.38,1.51,0.93,3.3855660522175453,2.56,2.01
277,277,-1.0171679542545193,1.8225010282699103,0.63,1.43,0.38,1.51,0.93,3.3863609684540465,2.56,2.01
278,278,-1.0171703655704238,1.8219172671116104,0.63,1.43,0.38,1.51,0.93,3.38715214540271,2.56,2.01
279,279,-1.0171727549053637,1.821336053440286,0.63,1.43,0.38,1.51,0.93,3.3879396146446794,2.56,2.01
280,280,-1.0171751225423427,1.820757366237847,0.63,1.43,0.38,1.51,0.93,3.388723407364799,2.56,2.01
281,281,-1.0171774687595978,1.8201811847481857,0.63,1.43,0.38,1.51,0.93,3.3895035543582637,2.56,2.01
282,282,-1.0171797938307028,1.8196074884728135,0.63,1.43,0.38,1.51,0.93,3.390280086037133,2.56,2.01
283,283,-1.0171820980246595,1.8190362571665863,0.63,1.43,0.38,1.51,0.93,3.3910530324367065,2.56,2.01
284,284,-1.017184381605997,1.8184674708335204,0.63,1.43,0.38,1.51,0.93,3.3918224232217655,2.56,2.01
285,285,-1.0171866448348588,1.8179011097226907,0.63,1.43,0.38,1.51,0.93,3.3925882876926856,2.56,2.01
286,286,-1.017188887967101,1.8173371543242165,0.63,1.43,0.38,1.51,0.93,3.3933506547914236,2.56,2.01
287,287,-1.0171911112543732,1.816775585365329,0.63,1.43,0.38,1.51,0.93,3.394109553107378,2.56,2.01
288,288,-1.017193314944205,1.8162163838065164,0.63,1.43,0.38,1.51,0.93,3.394865010883132,2.56,2.01
289,289,-1.0171954992800962,1.8156595308377492,0.63,1.43,0.38,1.51,0.93,3.395617056020078,2.56,2.01
290,290,-1.0171976645015879,1.8151050078747812,0.63,1.43,0.38,1.51,0.93,3.3963657160839276,2.56,2.01
291,291,-1.0171998108443492,1.8145527965555244,0.63,1.43,0.38,1.51,0.93,3.3971110183101088,2.56,2.01
292,292,-1.0172019385402529,1.8140028787364966,0.63,1.43,0.38,1.51,0.93,3.3978529896090564,2.56,2.01
293,293,-1.0172040478174522,1.8134552364893397,0.63,1.43,0.38,1.51,0.93,3.398591656571394,2.56,2.01
294,294,-1.0172061389004554,1.8129098520974083,0.63,1.43,0.38,1.51,0.93,3.3993270454730125,2.56,2.01
295,295,-1.0172082120101946,1.8123667080524237,0.63,1.43,0.38,1.51,0.93,3.4000591822800508,2.56,2.01
296,296,-1.017210267364098,1.811825787051196,0.63,1.43,0.38,1.51,0.93,3.400788092653771,2.56,2.01
297,297,-1.0172123051761608,1.8112870719924088,0.63,1.43,0.38,1.51,0.93,3.401513801955343,2.56,2.01
298,298,-1.0172143256570114,1.8107505459734676,0.63,1.43,0.38,1.51,0.93,3.402236335250533,2.56,2.01
299,299,-1.0172163290139733,1.8102161922874096,0.63,1.43,0.38,1.51,0.93,3.4029557173142986,2.56,2.01
300,300,-1.0172183154511385,1.8096839944198737,0.63,1.43,0.38,1.51,0.93,3.403671972635297,2.56,2.01
301,301,-1.0172202851694188,1.809153936046129,0.63,1.43,0.38,1.51,0.93,3.404385125420302,2.56,2.01
302,302,-1.0172222383666127,1.808626001028159,0.63,1.43,0.38,1.51,0.93,3.40509519959854,2.56,2.01
303,303,-1.0172241752374698,1.8081001734118043,0.63,1.43,0.38,1.51,0.93,3.405802218825937,2.56,2.01
304,304,-1.0172260959737383,1.8075764374239576,0.63,1.43,0.38,1.51,0.93,3.406506206489288,2.56,2.01
305,305,-1.0172280007642311,1.8070547774698138,0.63,1.43,0.38,1.51,0.93,3.4072071857103463,2.56,2.01
306,306,-1.017229889794879,1.8065351781301715,0.63,1.43,0.38,1.51,0.93,3.4079051793498323,2.56,2.01
307,307,-1.0172317632487835,1.806017624158785,0.63,1.43,0.38,1.51,0.93,3.408600210011368,2.56,2.01
308,308,-1.0172336213062727,1.8055021004797676,0.63,1.43,0.38,1.51,0.93,3.4092923000453386,2.56,2.01
309,309,-1.0172354641449513,1.804988592185042,0.63,1.43,0.38,1.51,0.93,3.409981471552677,2.56,2.01
310,310,-1.0172372919397543,1.8044770845318392,0.63,1.43,0.38,1.51,0.93,3.410667746388582,2.56,2.01
311,311,-1.0172391048629905,1.8039675629402447,0.63,1.43,0.38,1.51,0.93,3.4113511461661643,2.56,2.01
312,312,-1.0172409030844,1.8034600129907878,0.63,1.43,0.38,1.51,0.93,3.4120316922600242,2.56,2.01
313,313,-1.0172426867711946,1.8029544204220778,0.63,1.43,0.38,1.51,0.93,3.4127094058097667,2.56,2.01
314,314,-1.0172444560881095,1.8024507711284832,0.63,1.43,0.38,1.51,0.93,3.4133843077234456,2.56,2.01
315,315,-1.0172462111974443,1.801949051157853,0.63,1.43,0.38,1.51,0.93,3.4140564186809508,2.56,2.01
316,316,-1.0172479522591096,1.8014492467092795,0.63,1.43,0.38,1.51,0.93,3.414725759137328,2.56,2.01
317,317,-1.017249679430672,1.8009513441309022,0.63,1.43,0.38,1.51,0.93,3.415392349326041,2.56,2.01
318,318,-1.0172513928673943,1.800455329917752,0.63,1.43,0.38,1.51,0.93,3.416056209262175,2.56,2.01
319,319,-1.0172530927222798,1.7999611907096338,0.63,1.43,0.38,1.51,0.93,3.416717358745577,2.56,2.01
320,320,-1.017254779146109,1.7994689132890471,0.63,1.43,0.38,1.51,0.93,3.417375817363948,2.56,2.01
321,321,-1.0172564522874832,1.7989784845791439,0.63,1.43,0.38,1.51,0.93,3.41803160449587,2.56,2.01
322,322,-1.0172581122928606,1.798489891641725,0.63,1.43,0.38,1.51,0.93,3.4186847393137865,2.56,2.01
323,323,-1.0172597593066004,1.7980031216752674,0.63,1.43,0.38,1.51,0.93,3.4193352407869257,2.56,2.01
324,324,-1.0172613934709909,1.7975181620129939,0.63,1.43,0.38,1.51,0.93,3.4199831276841737,2.56,2.01
325,325,-1.017263014926296,1.797035000120968,0.63,1.43,0.38,1.51,0.93,3.4206284185768934,2.56,2.01
326,326,-1.0172646238107819,1.7965536235962316,0.63,1.43,0.38,1.51,0.93,3.4212711318416984,2.56,2.01
327,327,-1.0172662202607612,1.796074020164968,0.63,1.43,0.38,1.51,0.93,3.421911285663175,2.56,2.01
328,328,-1.0172678044106156,1.7955961776807012,0.63,1.43,0.38,1.51,0.93,3.4225488980365575,2.56,2.01
329,329,-1.017269376392841,1.7951200841225246,0.63,1.43,0.38,1.51,0.93,3.4231839867703555,2.56,2.01
330,330,-1.017270936338078,1.7946457275933623,0.63,1.43,0.38,1.51,0.93,3.4238165694889378,2.56,2.01
331,331,-1.017272484375138,1.7941730963182587,0.63,1.43,0.38,1.51,0.93,3.424446663635069,2.56,2.01
332,332,-1.0172740206310404,1.7937021786426999,0.63,1.43,0.38,1.51,0.93,3.4250742864724053,2.56,2.01
333,333,-1.0172755452310411,1.793232963030961,0.63,1.43,0.38,1.51,0.93,3.4256994550879427,2.56,2.01
334,334,-1.0172770582986614,1.792765438064483,0.63,1.43,0.38,1.51,0.93,3.426322186394429,2.56,2.01
335,335,-1.0172785599557261,1.792299592440281,0.63,1.43,0.38,1.51,0.93,3.42694249713273,2.56,2.01
336,336,-1.0172800503223796,1.7918354149693716,0.63,1.43,0.38,1.51,0.93,3.4275604038741565,2.56,2.01
337,337,-1.0172815295171243,1.7913728945752354,0.63,1.43,0.38,1.51,0.93,3.428175923022754,2.56,2.01
338,338,-1.0172829976568445,1.7909120202923001,0.63,1.43,0.38,1.51,0.93,3.4287890708175515,2.56,2.01
339,339,-1.0172844548568345,1.790452781264451,0.63,1.43,0.38,1.51,0.93,3.4293998633347713,2.56,2.01
340,340,-1.0172859012308237,1.7899951667435663,0.63,1.43,0.38,1.51,0.93,3.430008316490005,2.56,2.01
341,341,-1.0172873368910063,1.7895391660880782,0.63,1.43,0.38,1.51,0.93,3.430614446040351,2.56,2.01
342,342,-1.017288761948064,1.7890847687615548,0.63,1.43,0.38,1.51,0.93,3.4312182675865173,2.56,2.01
343,343,-1.0172901765111932,1.7886319643313093,0.63,1.43,0.38,1.51,0.93,3.431819796574887,2.56,2.01
344,344,-1.017291580688127,1.7881807424670295,0.63,1.43,0.38,1.51,0.93,3.4324190482995522,2.56,2.01
345,345,-1.017292974585163,1.7877310929394317,0.63,1.43,0.38,1.51,0.93,3.4330160379043155,2.56,2.01
346,346,-1.0172943583071827,1.7872830056189357,0.63,1.43,0.38,1.51,0.93,3.433610780384654,2.56,2.01
347,347,-1.0172957319576799,1.7868364704743616,0.63,1.43,0.38,1.51,0.93,3.4342032905896542,2.56,2.01
348,348,-1.017297095638778,1.786391477571649,0.63,1.43,0.38,1.51,0.93,3.4347935832239154,2.56,2.01
349,349,-1.0172984494512582,1.785948017072596,0.63,1.43,0.38,1.51,0.93,3.4353816728494215,2.56,2.01
350,350,-1.0172997934945756,1.785506079233619,0.63,1.43,0.38,1.51,0.93,3.435967573887382,2.56,2.01
351,351,-1.0173011278668835,1.7850656544045318,0.63,1.43,0.38,1.51,0.93,3.436551300620043,2.56,2.01
352,352,-1.017302452665056,1.7846267330273466,0.63,1.43,0.38,1.51,0.93,3.4371328671924726,2.56,2.01
353,353,-1.017303767984706,1.7841893056350917,0.63,1.43,0.38,1.51,0.93,3.4377122876143096,2.56,2.01
354,354,-1.0173050739202083,1.7837533628506508,0.63,1.43,0.38,1.51,0.93,3.438289575761494,2.56,2.01
355,355,-1.017306370564715,1.7833188953856176,0.63,1.43,0.38,1.51,0.93,3.4388647453779635,2.56,2.01
356,356,-1.017307658010177,1.7828858940391716,0.63,1.43,0.38,1.51,0.93,3.4394378100773233,2.56,2.01
357,357,-1.017308936347369,1.7824543496969707,0.63,1.43,0.38,1.51,0.93,3.4400087833444926,2.56,2.01
358,358,-1.0173102056658958,1.7820242533300603,0.63,1.43,0.38,1.51,0.93,3.4405776785373217,2.56,2.01
359,359,-1.0173114660542244,1.7815955959938026,0.63,1.43,0.38,1.51,0.93,3.4411445088881876,2.56,2.01
360,360,-1.017312717599693,1.781168368826818,0.63,1.43,0.38,1.51,0.93,3.4417092875055593,2.56,2.01
361,361,-1.0173139603885282,1.7807425630499483,0.63,1.43,0.38,1.51,0.93,3.442272027375543,2.56,2.01
362,362,-1.017315194505872,1.7803181699652315,0.63,1.43,0.38,1.51,0.93,3.442832741363402,2.56,2.01
363,363,-1.0173164200357876,1.7798951809548973,0.63,1.43,0.38,1.51,0.93,3.443391442215051,2.56,2.01
364,364,-1.017317637061281,1.779473587480373,0.63,1.43,0.38,1.51,0.93,3.4439481425585305,2.56,2.01
365,365,-1.0173188456643216,1.7790533810813092,0.63,1.43,0.38,1.51,0.93,3.4445028549054557,2.56,2.01
366,366,-1.0173200459258465,1.778634553374618,0.63,1.43,0.38,1.51,0.93,3.4450555916524452,2.56,2.01
367,367,-1.0173212379257912,1.7782170960535268,0.63,1.43,0.38,1.51,0.93,3.445606365082525,2.56,2.01
368,368,-1.0173224217430956,1.7778010008866467,0.63,1.43,0.38,1.51,0.93,3.4461551873665144,2.56,2.01
369,369,-1.0173235974557187,1.777386259717056,0.63,1.43,0.38,1.51,0.93,3.4467020705643883,2.56,2.01
370,370,-1.0173247651406607,1.7769728644613942,0.63,1.43,0.38,1.51,0.93,3.44724702662662,2.56,2.01
371,371,-1.0173259248739694,1.7765608071089751,0.63,1.43,0.38,1.51,0.93,3.4477900673955024,2.56,2.01
372,372,-1.01732707673076,1.7761500797209093,0.63,1.43,0.38,1.51,0.93,3.4483312046064514,2.56,2.01
373,373,-1.0173282207852308,1.7757406744292408,0.63,1.43,0.38,1.51,0.93,3.4488704498892866,2.56,2.01
374,374,-1.0173293571106685,1.775332583436097,0.63,1.43,0.38,1.51,0.93,3.449407814769496,2.56,2.01
375,375,-1.0173304857794707,1.7749257990128526,0.63,1.43,0.38,1.51,0.93,3.44994331066948,2.56,2.01
376,376,-1.0173316068631584,1.7745203134993042,0.63,1.43,0.38,1.51,0.93,3.4504769489097753,2.56,2.01
377,377,-1.017332720432382,1.774116119302857,0.63,1.43,0.38,1.51,0.93,3.4510087407102654,2.56,2.01
378,378,-1.0173338265569423,1.7737132088977259,0.63,1.43,0.38,1.51,0.93,3.4515386971913675,2.56,2.01
379,379,-1.0173349253057982,1.7733115748241466,0.63,1.43,0.38,1.51,0.93,3.4520668293752057,2.56,2.01
380,380,-1.0173360167470837,1.7729112096875976,0.63,1.43,0.38,1.51,0.93,3.4525931481867653,2.56,2.01
381,381,-1.017337100948116,1.7725121061580376,0.63,1.43,0.38,1.51,0.93,3.4531176644550308,2.56,2.01
382,382,-1.017338177975407,1.7721142569691481,0.63,1.43,0.38,1.51,0.93,3.4536403889141063,2.56,2.01
383,383,-1.0173392478946808,1.7717176549175933,0.63,1.43,0.38,1.51,0.93,3.454161332204321,2.56,2.01
384,384,-1.0173403107708783,1.7713222928622858,0.63,1.43,0.38,1.51,0.93,3.4546805048733176,2.56,2.01
385,385,-1.0173413666681759,1.7709281637236662,0.63,1.43,0.38,1.51,0.93,3.4551979173771232,2.56,2.01
386,386,-1.017342415649988,1.770535260482992,0.63,1.43,0.38,1.51,0.93,3.4557135800812095,2.56,2.01
387,387,-1.0173434577789875,1.7701435761816362,0.63,1.43,0.38,1.51,0.93,3.456227503261533,2.56,2.01
388,388,-1.0173444931171094,1.7697531039203973,0.63,1.43,0.38,1.51,0.93,3.456739697105561,2.56,2.01
389,389,-1.0173455217255631,1.7693638368588194,0.63,1.43,0.38,1.51,0.93,3.4572501717132864,2.56,2.01
390,390,-1.0173465436648477,1.768975768214519,0.63,1.43,0.38,1.51,0.93,3.4577589370982236,2.56,2.01
391,391,-1.0173475589947536,1.7685888912625265,0.63,1.43,0.38,1.51,0.93,3.4582660031883914,2.56,2.01
392,392,-1.0173485677743799,1.7682031993346323,0.63,1.43,0.38,1.51,0.93,3.4587713798272843,2.56,2.01
393,393,-1.017349570062144,1.767818685818745,0.63,1.43,0.38,1.51,0.93,3.4592750767748277,2.56,2.01
394,394,-1.0173505659157849,1.7674353441582584,0.63,1.43,0.38,1.51,0.93,3.4597771037083187,2.56,2.01
